Time, pending_transaction
1,1
2,2
3,2
4,3
5,3
6,4
7,4
8,5
9,5
10,6
11,7
12,7
13,8
14,8
15,9
16,6
17,7
18,7
19,7
20,7
21,8
22,8
23,10
24,10
25,10
26,10
27,11
28,11
29,12
30,12
31,14
32,14
33,11
34,12
35,12
36,12
37,13
38,13
39,14
40,14
41,15
42,15
43,16
44,16
45,17
46,18
47,18
48,15
49,16
50,16
51,17
52,17
53,18
54,18
55,19
56,20
57,20
58,22
59,22
60,22
61,19
62,20
63,20
64,20
65,21
66,21
67,22
68,22
69,23
70,23
71,24
72,24
73,22
74,23
75,23
76,23
77,24
78,24
79,25
80,25
81,26
82,26
83,27
84,27
85,29
86,29
87,29
88,26
89,27
90,27
91,27
92,27
93,28
94,28
95,29
96,29
97,30
98,31
99,31
100,32
101,32
102,33
103,19
104,20
105,20
106,20
107,20
108,21
109,21
110,23
111,23
112,24
113,24
114,26
115,26
116,26
117,27
118,27
119,25
120,26
121,26
122,26
123,27
124,27
125,27
126,28
127,28
128,30
129,30
130,30
131,31
132,31
133,29
134,30
135,30
136,31
137,31
138,32
139,32
140,33
141,31
142,32
143,32
144,32
145,32
146,33
147,33
148,35
149,35
